,Pick1,Pick2,Pick3,Result
0,114.0,114.0,114.0,0.0
1,214.0,314.0,314.0,1.0
2,111.0,207.0,207.0,0.0
3,307.0,307.0,310.0,1.0
4,113.0,113.0,113.0,-1.0
5,114.0,114.0,114.0,0.0
6,114.0,114.0,207.0,-1.0
7,114.0,114.0,114.0,0.0
8,113.0,209.0,209.0,0.0
9,109.0,113.0,113.0,0.0
10,113.0,113.0,113.0,0.0
11,114.0,114.0,114.0,0.0
12,111.0,114.0,114.0,0.0
13,209.0,209.0,209.0,1.0
14,202.0,202.0,202.0,-1.0
15,110.0,114.0,214.0,-1.0
16,114.0,114.0,114.0,0.0
17,204.0,204.0,309.0,0.0
18,205.0,205.0,405.0,1.0
19,203.0,308.0,308.0,1.0
20,205.0,205.0,205.0,-1.0
21,114.0,214.0,214.0,-1.0
22,213.0,213.0,413.0,1.0
23,212.0,212.0,212.0,0.0
24,114.0,114.0,114.0,0.0
25,110.0,110.0,610.0,1.0
26,212.0,212.0,212.0,-1.0
27,410.0,410.0,410.0,1.0
28,212.0,212.0,212.0,0.0
29,311.0,311.0,311.0,1.0
30,109.0,113.0,113.0,0.0
31,113.0,113.0,208.0,-1.0
32,209.0,209.0,209.0,0.0
33,110.0,202.0,402.0,1.0
34,207.0,207.0,207.0,0.0
35,207.0,407.0,707.0,1.0
36,208.0,208.0,208.0,1.0
37,113.0,213.0,213.0,0.0
38,202.0,202.0,202.0,0.0
39,206.0,206.0,306.0,0.0
40,205.0,205.0,205.0,-1.0
41,212.0,312.0,712.0,1.0
42,111.0,111.0,114.0,0.0
43,212.0,212.0,212.0,-1.0
44,202.0,402.0,402.0,1.0
45,205.0,205.0,205.0,-1.0
46,112.0,112.0,112.0,0.0
47,404.0,404.0,404.0,0.0
48,403.0,403.0,703.0,1.0
49,209.0,209.0,209.0,-1.0
50,212.0,212.0,312.0,0.0
51,112.0,203.0,203.0,0.0
52,112.0,212.0,412.0,1.0
53,207.0,312.0,312.0,0.0
54,108.0,204.0,204.0,-1.0
55,213.0,213.0,213.0,-1.0
56,203.0,203.0,311.0,0.0
57,314.0,314.0,314.0,1.0
58,206.0,309.0,309.0,1.0
59,413.0,413.0,413.0,1.0
60,202.0,202.0,202.0,1.0
61,114.0,114.0,114.0,-1.0
62,211.0,211.0,211.0,1.0
63,114.0,114.0,114.0,0.0
64,211.0,211.0,211.0,0.0
65,207.0,407.0,707.0,-1.0
66,209.0,209.0,209.0,0.0
67,212.0,312.0,312.0,1.0
68,114.0,114.0,114.0,0.0
69,111.0,114.0,114.0,0.0
70,214.0,214.0,214.0,-1.0
71,114.0,114.0,114.0,0.0
72,111.0,205.0,307.0,0.0
73,209.0,209.0,209.0,0.0
74,202.0,202.0,307.0,1.0
75,206.0,206.0,206.0,0.0
76,206.0,206.0,206.0,-1.0
77,209.0,209.0,209.0,1.0
78,114.0,214.0,214.0,0.0
79,211.0,211.0,211.0,-1.0
80,114.0,203.0,203.0,0.0
81,114.0,205.0,314.0,1.0
82,112.0,114.0,614.0,-1.0
83,202.0,310.0,310.0,-1.0
84,312.0,312.0,312.0,1.0
85,113.0,113.0,113.0,0.0
86,109.0,110.0,112.0,-1.0
87,207.0,507.0,507.0,1.0
88,113.0,113.0,113.0,-1.0
89,208.0,208.0,308.0,1.0
90,207.0,207.0,207.0,0.0
91,113.0,208.0,208.0,1.0
92,205.0,205.0,205.0,1.0
93,114.0,214.0,214.0,0.0
94,214.0,214.0,214.0,1.0
95,113.0,213.0,213.0,0.0
96,207.0,307.0,703.0,1.0
97,207.0,207.0,407.0,-1.0
98,113.0,113.0,202.0,0.0
99,114.0,205.0,312.0,-1.0
100,313.0,313.0,313.0,1.0
101,209.0,309.0,309.0,1.0
102,114.0,114.0,207.0,-1.0
103,203.0,203.0,403.0,0.0
104,107.0,207.0,207.0,0.0
105,111.0,111.0,111.0,0.0
106,202.0,613.0,613.0,1.0
107,412.0,412.0,412.0,1.0
108,313.0,313.0,313.0,1.0
109,113.0,113.0,205.0,1.0
110,209.0,209.0,209.0,0.0
111,408.0,408.0,408.0,1.0
112,213.0,213.0,313.0,0.0
113,114.0,114.0,202.0,0.0
114,213.0,313.0,313.0,1.0
115,208.0,208.0,208.0,0.0
116,114.0,114.0,207.0,1.0
117,110.0,113.0,208.0,0.0
118,210.0,310.0,310.0,1.0
119,206.0,206.0,313.0,1.0
120,209.0,209.0,209.0,0.0
121,211.0,211.0,211.0,1.0
122,113.0,113.0,209.0,1.0
123,204.0,204.0,204.0,0.0
124,209.0,309.0,709.0,1.0
125,203.0,203.0,403.0,1.0
126,612.0,612.0,612.0,1.0
127,207.0,612.0,612.0,1.0
128,203.0,203.0,203.0,0.0
129,204.0,204.0,304.0,0.0
130,112.0,114.0,114.0,0.0
131,114.0,114.0,114.0,-1.0
132,114.0,114.0,202.0,1.0
133,112.0,206.0,206.0,-1.0
134,114.0,203.0,203.0,0.0
135,114.0,114.0,114.0,0.0
136,202.0,202.0,312.0,-1.0
137,110.0,113.0,209.0,0.0
138,114.0,114.0,208.0,0.0
139,114.0,206.0,206.0,0.0
140,202.0,202.0,202.0,0.0
141,210.0,210.0,210.0,0.0
142,214.0,214.0,214.0,0.0
143,208.0,208.0,308.0,1.0
144,114.0,209.0,209.0,0.0
145,212.0,212.0,312.0,1.0
146,313.0,313.0,313.0,1.0
147,214.0,214.0,214.0,1.0
148,114.0,114.0,207.0,0.0
149,208.0,208.0,208.0,1.0
150,114.0,203.0,314.0,1.0
151,112.0,114.0,614.0,-1.0
152,109.0,113.0,206.0,-1.0
153,203.0,203.0,310.0,-1.0
154,114.0,114.0,114.0,-1.0
155,113.0,113.0,114.0,-1.0
156,203.0,203.0,203.0,0.0
157,114.0,114.0,213.0,0.0
158,514.0,514.0,514.0,1.0
159,212.0,312.0,312.0,0.0
160,113.0,113.0,213.0,1.0
161,114.0,114.0,202.0,0.0
162,203.0,203.0,307.0,1.0
163,113.0,210.0,210.0,-1.0
164,214.0,314.0,314.0,0.0
165,113.0,113.0,507.0,1.0
166,114.0,114.0,114.0,0.0
167,202.0,202.0,202.0,1.0
168,207.0,207.0,307.0,1.0
169,113.0,113.0,205.0,1.0
170,113.0,113.0,113.0,0.0
171,114.0,206.0,206.0,0.0
172,203.0,203.0,203.0,0.0
173,214.0,314.0,314.0,-1.0
174,208.0,208.0,408.0,1.0
175,212.0,212.0,212.0,1.0
176,114.0,207.0,311.0,-1.0
177,212.0,212.0,212.0,0.0
178,110.0,112.0,207.0,0.0
179,114.0,114.0,114.0,0.0
180,210.0,210.0,210.0,0.0
181,208.0,208.0,208.0,0.0
182,213.0,213.0,213.0,1.0
183,202.0,202.0,311.0,-1.0
184,313.0,313.0,313.0,0.0
185,204.0,610.0,610.0,-1.0
186,212.0,212.0,212.0,0.0
187,111.0,113.0,204.0,0.0
188,111.0,205.0,506.0,1.0
189,113.0,213.0,313.0,1.0
190,205.0,205.0,205.0,0.0
191,206.0,206.0,310.0,0.0
192,312.0,312.0,312.0,1.0
193,209.0,209.0,309.0,1.0
194,204.0,204.0,307.0,1.0
195,214.0,414.0,714.0,1.0
196,411.0,411.0,411.0,1.0
197,111.0,114.0,114.0,0.0
198,113.0,114.0,114.0,0.0
199,205.0,205.0,305.0,1.0
200,202.0,202.0,202.0,1.0
201,112.0,112.0,203.0,-1.0
202,404.0,404.0,704.0,1.0
203,203.0,306.0,311.0,1.0
204,114.0,208.0,408.0,1.0
205,211.0,211.0,311.0,0.0
206,208.0,208.0,208.0,1.0
207,312.0,312.0,312.0,0.0
208,112.0,112.0,114.0,0.0
209,110.0,113.0,204.0,-1.0
210,111.0,210.0,210.0,0.0
211,206.0,206.0,206.0,0.0
212,114.0,114.0,114.0,0.0
213,314.0,314.0,314.0,1.0
214,114.0,114.0,114.0,0.0
215,203.0,307.0,703.0,-1.0
216,206.0,206.0,406.0,1.0
217,403.0,403.0,403.0,1.0
218,114.0,203.0,203.0,-1.0
219,112.0,204.0,204.0,0.0
220,214.0,214.0,414.0,1.0
221,209.0,309.0,309.0,0.0
222,113.0,113.0,213.0,1.0
223,305.0,305.0,704.0,0.0
224,213.0,213.0,313.0,1.0
225,211.0,211.0,313.0,1.0
226,114.0,214.0,214.0,1.0
227,110.0,206.0,206.0,0.0
228,113.0,113.0,202.0,-1.0
229,206.0,310.0,710.0,1.0
230,308.0,308.0,308.0,0.0
231,113.0,113.0,205.0,1.0
232,114.0,213.0,313.0,0.0
233,114.0,114.0,114.0,0.0
234,402.0,402.0,402.0,1.0
235,205.0,205.0,308.0,0.0
236,114.0,114.0,214.0,-1.0
237,213.0,213.0,313.0,1.0
238,113.0,113.0,113.0,0.0
239,203.0,203.0,203.0,-1.0
240,612.0,612.0,612.0,1.0
241,211.0,211.0,211.0,0.0
242,208.0,208.0,308.0,0.0
243,212.0,212.0,212.0,1.0
244,205.0,205.0,205.0,0.0
245,312.0,312.0,312.0,1.0
246,202.0,202.0,202.0,1.0
247,114.0,114.0,114.0,0.0
248,114.0,114.0,214.0,-1.0
249,208.0,408.0,408.0,1.0
250,208.0,208.0,208.0,-1.0
251,213.0,213.0,313.0,1.0
252,413.0,413.0,713.0,1.0
253,114.0,114.0,114.0,0.0
254,202.0,202.0,309.0,1.0
255,113.0,208.0,208.0,0.0
256,114.0,205.0,205.0,0.0
257,114.0,202.0,202.0,0.0
258,311.0,311.0,311.0,-1.0
259,109.0,109.0,206.0,1.0
260,110.0,208.0,208.0,0.0
261,114.0,205.0,314.0,1.0
262,113.0,113.0,204.0,-1.0
263,403.0,803.0,803.0,1.0
264,114.0,114.0,208.0,1.0
265,113.0,113.0,208.0,-1.0
266,207.0,307.0,613.0,1.0
267,114.0,114.0,114.0,0.0
268,114.0,205.0,205.0,1.0
269,402.0,402.0,402.0,1.0
270,110.0,110.0,114.0,0.0
271,210.0,310.0,709.0,1.0
272,209.0,209.0,209.0,0.0
273,211.0,211.0,311.0,0.0
274,211.0,411.0,411.0,1.0
275,510.0,510.0,510.0,1.0
276,114.0,114.0,114.0,0.0
277,114.0,114.0,208.0,-1.0
278,109.0,112.0,207.0,1.0
279,804.0,804.0,804.0,1.0
280,212.0,212.0,312.0,0.0
281,205.0,205.0,205.0,0.0
282,204.0,204.0,308.0,0.0
283,112.0,113.0,113.0,0.0
284,208.0,208.0,408.0,1.0
285,114.0,214.0,314.0,-1.0
286,205.0,205.0,205.0,0.0
287,112.0,112.0,114.0,-1.0
288,114.0,114.0,114.0,0.0
289,112.0,209.0,209.0,0.0
290,214.0,214.0,214.0,1.0
291,114.0,114.0,114.0,0.0
292,113.0,208.0,308.0,0.0
293,207.0,308.0,311.0,0.0
294,202.0,306.0,702.0,1.0
295,114.0,114.0,114.0,0.0
296,114.0,114.0,614.0,1.0
297,114.0,205.0,309.0,-1.0
298,111.0,113.0,211.0,0.0
299,112.0,112.0,114.0,-1.0
300,114.0,114.0,114.0,0.0
301,113.0,203.0,203.0,0.0
302,114.0,114.0,211.0,0.0
303,202.0,202.0,311.0,0.0
304,202.0,202.0,202.0,0.0
305,111.0,210.0,210.0,-1.0
306,207.0,407.0,407.0,1.0
307,209.0,309.0,309.0,-1.0
308,114.0,114.0,114.0,0.0
309,209.0,310.0,310.0,-1.0
310,310.0,710.0,710.0,1.0
311,208.0,208.0,208.0,0.0
312,113.0,212.0,212.0,1.0
313,114.0,114.0,214.0,0.0
314,113.0,113.0,113.0,-1.0
315,214.0,214.0,414.0,1.0
316,110.0,506.0,506.0,1.0
317,209.0,209.0,309.0,-1.0
318,208.0,208.0,208.0,1.0
319,210.0,310.0,310.0,1.0
320,209.0,209.0,209.0,0.0
321,112.0,203.0,312.0,-1.0
322,203.0,203.0,203.0,-1.0
323,110.0,110.0,204.0,0.0
324,109.0,109.0,114.0,0.0
325,212.0,312.0,312.0,1.0
326,211.0,211.0,211.0,0.0
327,202.0,306.0,306.0,1.0
328,403.0,403.0,703.0,0.0
329,211.0,312.0,312.0,0.0
330,210.0,210.0,210.0,1.0
331,203.0,203.0,203.0,0.0
332,207.0,207.0,407.0,1.0
333,206.0,206.0,206.0,-1.0
334,113.0,113.0,113.0,0.0
335,111.0,112.0,206.0,1.0
336,314.0,314.0,314.0,0.0
337,113.0,113.0,113.0,-1.0
338,111.0,114.0,114.0,0.0
339,204.0,311.0,311.0,0.0
340,113.0,213.0,313.0,1.0
341,402.0,802.0,802.0,1.0
342,204.0,204.0,508.0,1.0
343,114.0,114.0,114.0,0.0
344,114.0,114.0,114.0,0.0
345,113.0,113.0,113.0,-1.0
346,203.0,203.0,203.0,1.0
347,113.0,113.0,204.0,-1.0
348,213.0,213.0,313.0,-1.0
349,113.0,113.0,113.0,0.0
350,114.0,114.0,114.0,0.0
351,112.0,202.0,202.0,0.0
352,209.0,209.0,209.0,-1.0
353,114.0,210.0,210.0,1.0
354,208.0,208.0,309.0,0.0
355,214.0,214.0,214.0,1.0
356,205.0,205.0,205.0,1.0
357,508.0,508.0,508.0,1.0
358,308.0,308.0,308.0,1.0
359,114.0,114.0,514.0,1.0
360,114.0,207.0,207.0,-1.0
361,211.0,211.0,211.0,0.0
362,113.0,113.0,113.0,0.0
363,210.0,210.0,210.0,1.0
364,209.0,310.0,310.0,1.0
365,113.0,113.0,113.0,0.0
366,211.0,211.0,211.0,0.0
367,113.0,113.0,208.0,0.0
368,403.0,403.0,403.0,1.0
369,110.0,206.0,206.0,0.0
370,114.0,114.0,114.0,1.0
371,209.0,209.0,309.0,0.0
372,205.0,205.0,205.0,0.0
373,111.0,111.0,611.0,-1.0
374,214.0,214.0,214.0,1.0
375,113.0,114.0,206.0,0.0
376,210.0,210.0,210.0,1.0
377,207.0,207.0,207.0,1.0
378,114.0,211.0,211.0,1.0
379,508.0,508.0,508.0,1.0
380,208.0,308.0,308.0,1.0
381,204.0,308.0,708.0,1.0
382,210.0,210.0,310.0,1.0
383,114.0,114.0,212.0,-1.0
384,404.0,404.0,404.0,1.0
385,202.0,312.0,312.0,0.0
386,110.0,110.0,210.0,0.0
387,114.0,214.0,314.0,0.0
388,111.0,111.0,204.0,-1.0
389,212.0,412.0,514.0,1.0
390,114.0,114.0,214.0,1.0
391,113.0,205.0,305.0,0.0
392,206.0,206.0,206.0,1.0
393,210.0,410.0,710.0,0.0
394,112.0,212.0,312.0,1.0
395,203.0,203.0,203.0,0.0
396,211.0,211.0,211.0,-1.0
397,114.0,203.0,203.0,0.0
398,114.0,114.0,214.0,-1.0
399,113.0,113.0,206.0,1.0
400,114.0,114.0,213.0,1.0
401,114.0,114.0,114.0,0.0
402,213.0,213.0,313.0,1.0
403,314.0,314.0,314.0,1.0
404,205.0,205.0,205.0,1.0
405,110.0,206.0,206.0,0.0
406,114.0,205.0,205.0,0.0
407,314.0,314.0,314.0,1.0
408,209.0,209.0,309.0,1.0
409,204.0,312.0,312.0,-1.0
410,214.0,214.0,214.0,1.0
411,213.0,213.0,213.0,1.0
412,113.0,205.0,311.0,1.0
413,214.0,214.0,214.0,1.0
414,113.0,113.0,211.0,1.0
415,213.0,213.0,314.0,0.0
416,207.0,207.0,207.0,-1.0
417,206.0,314.0,314.0,0.0
418,213.0,213.0,213.0,0.0
419,206.0,206.0,306.0,1.0
420,112.0,112.0,114.0,0.0
421,211.0,211.0,211.0,1.0
422,209.0,209.0,209.0,0.0
423,204.0,311.0,311.0,1.0
424,114.0,114.0,114.0,0.0
425,204.0,404.0,404.0,1.0
426,113.0,204.0,204.0,-1.0
427,204.0,204.0,204.0,0.0
428,114.0,206.0,307.0,1.0
429,212.0,212.0,212.0,-1.0
430,208.0,208.0,208.0,1.0
431,112.0,112.0,212.0,1.0
432,113.0,113.0,213.0,1.0
433,209.0,209.0,209.0,1.0
434,114.0,114.0,114.0,0.0
435,114.0,207.0,407.0,-1.0
436,212.0,612.0,612.0,1.0
437,111.0,111.0,208.0,0.0
438,212.0,412.0,812.0,1.0
439,213.0,313.0,713.0,1.0
440,114.0,114.0,114.0,-1.0
441,213.0,213.0,313.0,-1.0
442,113.0,211.0,211.0,0.0
443,206.0,306.0,306.0,0.0
444,206.0,206.0,306.0,-1.0
445,410.0,810.0,810.0,1.0
446,109.0,113.0,204.0,0.0
447,113.0,113.0,203.0,-1.0
448,110.0,110.0,508.0,0.0
449,114.0,204.0,204.0,0.0
450,113.0,113.0,212.0,0.0
451,110.0,110.0,113.0,0.0
452,214.0,214.0,214.0,1.0
453,114.0,114.0,209.0,1.0
454,114.0,204.0,204.0,0.0
455,212.0,212.0,212.0,-1.0
456,210.0,210.0,210.0,1.0
457,112.0,112.0,210.0,0.0
458,207.0,207.0,407.0,-1.0
459,210.0,210.0,313.0,1.0
460,204.0,611.0,611.0,1.0
461,203.0,304.0,703.0,1.0
462,111.0,112.0,209.0,-1.0
463,214.0,314.0,314.0,0.0
464,113.0,113.0,113.0,1.0
465,212.0,212.0,312.0,0.0
466,112.0,113.0,211.0,-1.0
467,412.0,412.0,712.0,1.0
468,208.0,208.0,208.0,0.0
469,112.0,112.0,203.0,0.0
470,202.0,202.0,202.0,0.0
471,209.0,309.0,309.0,1.0
472,114.0,114.0,114.0,-1.0
473,114.0,114.0,114.0,0.0
474,208.0,208.0,508.0,0.0
475,214.0,414.0,814.0,1.0
476,213.0,213.0,313.0,1.0
477,113.0,211.0,211.0,-1.0
478,204.0,204.0,307.0,0.0
479,112.0,112.0,112.0,0.0
480,114.0,206.0,206.0,1.0
481,113.0,213.0,213.0,1.0
482,204.0,204.0,304.0,1.0
483,210.0,210.0,210.0,0.0
484,207.0,207.0,207.0,0.0
485,712.0,712.0,712.0,1.0
486,113.0,113.0,206.0,-1.0
487,110.0,110.0,110.0,0.0
488,206.0,206.0,206.0,0.0
489,202.0,202.0,202.0,1.0
490,410.0,410.0,710.0,1.0
491,208.0,408.0,408.0,0.0
492,204.0,404.0,404.0,1.0
493,311.0,311.0,311.0,1.0
494,213.0,213.0,213.0,0.0
495,306.0,306.0,306.0,0.0
496,205.0,205.0,205.0,0.0
497,211.0,313.0,313.0,0.0
498,111.0,111.0,111.0,0.0
499,110.0,206.0,308.0,-1.0
500,205.0,205.0,205.0,0.0
501,214.0,214.0,214.0,0.0
502,305.0,613.0,613.0,1.0
503,112.0,207.0,207.0,0.0
504,114.0,114.0,114.0,0.0
505,113.0,205.0,205.0,-1.0
506,206.0,206.0,206.0,1.0
507,402.0,402.0,702.0,1.0
508,114.0,114.0,514.0,-1.0
509,206.0,312.0,312.0,1.0
510,114.0,203.0,610.0,1.0
511,211.0,411.0,711.0,1.0
512,211.0,211.0,211.0,1.0
513,110.0,207.0,207.0,-1.0
514,114.0,114.0,114.0,0.0
515,114.0,114.0,114.0,0.0
516,213.0,213.0,213.0,0.0
517,313.0,313.0,313.0,1.0
518,114.0,114.0,114.0,-1.0
519,205.0,308.0,309.0,-1.0
520,113.0,205.0,205.0,1.0
521,113.0,208.0,208.0,1.0
522,113.0,204.0,204.0,0.0
523,205.0,205.0,205.0,1.0
524,114.0,214.0,214.0,0.0
525,202.0,202.0,202.0,1.0
526,203.0,203.0,203.0,1.0
527,212.0,212.0,212.0,1.0
528,113.0,113.0,114.0,0.0
529,305.0,305.0,312.0,-1.0
530,205.0,205.0,205.0,1.0
531,209.0,209.0,614.0,1.0
532,111.0,111.0,111.0,0.0
533,207.0,207.0,511.0,1.0
534,209.0,209.0,514.0,1.0
535,113.0,206.0,206.0,0.0
536,402.0,402.0,702.0,-1.0
537,214.0,214.0,214.0,0.0
538,112.0,210.0,210.0,0.0
539,204.0,204.0,614.0,1.0
540,208.0,208.0,312.0,0.0
541,203.0,203.0,310.0,1.0
542,202.0,202.0,307.0,-1.0
543,114.0,212.0,212.0,0.0
544,214.0,214.0,214.0,1.0
545,209.0,314.0,314.0,1.0
546,211.0,211.0,211.0,1.0
547,204.0,404.0,404.0,1.0
548,205.0,205.0,405.0,1.0
549,114.0,211.0,211.0,0.0
550,206.0,206.0,206.0,0.0
551,210.0,210.0,210.0,1.0
552,208.0,208.0,208.0,1.0
553,208.0,208.0,208.0,1.0
554,112.0,113.0,212.0,-1.0
555,207.0,407.0,407.0,0.0
556,113.0,113.0,203.0,0.0
557,113.0,208.0,208.0,0.0
558,314.0,314.0,314.0,1.0
559,214.0,214.0,414.0,0.0
560,213.0,213.0,213.0,0.0
561,114.0,114.0,114.0,0.0
562,314.0,714.0,714.0,1.0
563,207.0,207.0,307.0,1.0
564,210.0,210.0,210.0,0.0
565,205.0,205.0,308.0,0.0
566,114.0,114.0,114.0,0.0
567,113.0,208.0,208.0,0.0
568,209.0,309.0,309.0,0.0
569,203.0,203.0,203.0,1.0
570,114.0,114.0,114.0,0.0
571,214.0,214.0,214.0,1.0
572,208.0,308.0,308.0,1.0
573,113.0,209.0,209.0,1.0
574,205.0,205.0,205.0,0.0
575,114.0,114.0,114.0,0.0
576,314.0,314.0,314.0,1.0
577,211.0,211.0,314.0,-1.0
578,213.0,213.0,613.0,1.0
579,112.0,203.0,312.0,1.0
580,114.0,114.0,114.0,0.0
581,113.0,113.0,113.0,-1.0
582,214.0,214.0,214.0,0.0
583,412.0,412.0,412.0,1.0
584,202.0,314.0,702.0,1.0
585,409.0,409.0,409.0,1.0
586,213.0,213.0,313.0,1.0
587,202.0,202.0,202.0,0.0
588,112.0,202.0,309.0,1.0
589,114.0,114.0,205.0,0.0
590,113.0,205.0,205.0,-1.0
591,202.0,202.0,202.0,-1.0
592,206.0,206.0,206.0,0.0
593,404.0,404.0,404.0,1.0
594,112.0,114.0,205.0,-1.0
595,112.0,112.0,209.0,-1.0
596,112.0,112.0,204.0,-1.0
597,212.0,212.0,212.0,1.0
598,404.0,404.0,404.0,0.0
599,214.0,214.0,414.0,1.0
600,207.0,207.0,207.0,1.0
601,114.0,212.0,212.0,1.0
602,209.0,209.0,209.0,0.0
603,114.0,114.0,208.0,-1.0
604,202.0,314.0,314.0,1.0
605,111.0,111.0,208.0,1.0
606,111.0,111.0,211.0,0.0
607,211.0,311.0,311.0,0.0
608,114.0,205.0,205.0,-1.0
609,404.0,404.0,404.0,0.0
610,114.0,212.0,312.0,1.0
611,114.0,211.0,211.0,1.0
612,114.0,114.0,114.0,1.0
613,211.0,211.0,211.0,0.0
614,112.0,113.0,513.0,1.0
615,114.0,203.0,203.0,0.0
616,407.0,707.0,707.0,-1.0
617,211.0,211.0,411.0,1.0
618,209.0,209.0,614.0,1.0
619,112.0,205.0,405.0,-1.0
620,112.0,512.0,512.0,1.0
621,206.0,206.0,314.0,1.0
622,402.0,402.0,402.0,1.0
623,208.0,208.0,208.0,1.0
624,114.0,114.0,114.0,-1.0
625,114.0,114.0,114.0,0.0
626,205.0,205.0,205.0,-1.0
627,204.0,306.0,306.0,1.0
628,313.0,313.0,313.0,1.0
629,204.0,204.0,204.0,1.0
630,212.0,212.0,212.0,0.0
631,113.0,202.0,202.0,0.0
632,114.0,114.0,114.0,0.0
633,614.0,614.0,614.0,-1.0
634,207.0,207.0,207.0,1.0
635,114.0,202.0,202.0,0.0
636,113.0,113.0,113.0,0.0
637,107.0,114.0,508.0,1.0
638,410.0,410.0,410.0,1.0
639,113.0,205.0,311.0,0.0
640,206.0,306.0,312.0,-1.0
641,114.0,209.0,209.0,1.0
642,111.0,205.0,508.0,-1.0
643,204.0,204.0,204.0,1.0
644,112.0,112.0,614.0,1.0
645,208.0,208.0,208.0,0.0
646,202.0,202.0,202.0,0.0
647,308.0,308.0,308.0,1.0
648,114.0,114.0,202.0,-1.0
649,114.0,114.0,114.0,0.0
650,204.0,204.0,204.0,1.0
651,204.0,305.0,305.0,-1.0
652,110.0,113.0,202.0,-1.0
653,206.0,314.0,314.0,-1.0
654,212.0,312.0,312.0,1.0
655,408.0,408.0,408.0,0.0
656,209.0,209.0,309.0,0.0
657,413.0,413.0,713.0,1.0
658,112.0,206.0,206.0,0.0
659,114.0,213.0,213.0,0.0
660,212.0,212.0,312.0,1.0
661,207.0,308.0,708.0,1.0
662,209.0,309.0,309.0,1.0
663,111.0,111.0,111.0,0.0
664,111.0,113.0,113.0,0.0
665,109.0,109.0,204.0,0.0
666,112.0,112.0,210.0,1.0
667,209.0,313.0,313.0,1.0
668,303.0,303.0,303.0,1.0
669,211.0,211.0,211.0,1.0
670,114.0,214.0,214.0,0.0
671,114.0,209.0,209.0,0.0
672,212.0,212.0,212.0,0.0
673,112.0,112.0,507.0,1.0
674,207.0,313.0,313.0,-1.0
675,114.0,207.0,313.0,-1.0
676,111.0,111.0,204.0,0.0
677,211.0,211.0,614.0,-1.0
678,112.0,112.0,114.0,-1.0
679,112.0,208.0,208.0,0.0
680,113.0,113.0,113.0,0.0
681,213.0,213.0,413.0,1.0
682,210.0,210.0,210.0,1.0
683,207.0,207.0,207.0,0.0
684,203.0,203.0,313.0,0.0
685,204.0,204.0,304.0,1.0
686,113.0,113.0,206.0,-1.0
687,113.0,210.0,210.0,1.0
688,113.0,113.0,113.0,0.0
689,204.0,204.0,204.0,1.0
690,114.0,114.0,114.0,-1.0
691,202.0,202.0,202.0,0.0
692,114.0,212.0,412.0,1.0
693,114.0,114.0,114.0,0.0
694,114.0,114.0,206.0,0.0
695,114.0,114.0,114.0,0.0
696,113.0,205.0,205.0,0.0
697,214.0,414.0,414.0,1.0
698,213.0,213.0,213.0,1.0
699,207.0,310.0,310.0,1.0
700,202.0,202.0,308.0,0.0
701,212.0,212.0,212.0,1.0
702,112.0,206.0,206.0,0.0
703,212.0,412.0,712.0,1.0
704,113.0,209.0,209.0,-1.0
705,203.0,203.0,203.0,1.0
706,110.0,110.0,210.0,-1.0
707,206.0,206.0,206.0,1.0
708,113.0,113.0,113.0,0.0
709,208.0,308.0,308.0,0.0
710,205.0,205.0,405.0,1.0
711,114.0,114.0,114.0,1.0
712,211.0,211.0,612.0,1.0
713,112.0,112.0,113.0,0.0
714,114.0,114.0,114.0,0.0
715,212.0,212.0,212.0,1.0
716,114.0,203.0,203.0,1.0
717,202.0,202.0,202.0,0.0
718,207.0,309.0,609.0,1.0
719,213.0,213.0,313.0,0.0
720,202.0,202.0,202.0,0.0
721,210.0,210.0,210.0,0.0
722,213.0,213.0,413.0,1.0
723,112.0,112.0,114.0,-1.0
724,114.0,114.0,204.0,0.0
725,110.0,112.0,206.0,0.0
726,110.0,208.0,308.0,-1.0
727,204.0,204.0,204.0,0.0
728,205.0,205.0,509.0,1.0
729,209.0,209.0,209.0,0.0
730,206.0,406.0,706.0,1.0
731,209.0,209.0,209.0,1.0
732,203.0,203.0,203.0,-1.0
733,114.0,114.0,114.0,0.0
734,114.0,114.0,114.0,0.0
735,207.0,207.0,307.0,1.0
736,113.0,113.0,113.0,0.0
737,113.0,113.0,114.0,-1.0
738,114.0,114.0,514.0,1.0
739,203.0,203.0,203.0,0.0
740,114.0,209.0,314.0,1.0
741,308.0,308.0,308.0,1.0
742,207.0,207.0,207.0,1.0
743,202.0,202.0,202.0,-1.0
744,310.0,310.0,310.0,1.0
745,203.0,203.0,309.0,-1.0
746,207.0,310.0,310.0,1.0
747,211.0,211.0,211.0,1.0
748,205.0,405.0,705.0,1.0
749,114.0,114.0,114.0,0.0
750,611.0,611.0,611.0,1.0
751,206.0,206.0,206.0,1.0
752,113.0,203.0,203.0,-1.0
753,113.0,207.0,311.0,0.0
754,214.0,214.0,214.0,1.0
755,209.0,209.0,209.0,0.0
756,112.0,112.0,112.0,0.0
757,111.0,114.0,114.0,0.0
758,202.0,202.0,202.0,0.0
759,307.0,307.0,311.0,0.0
760,211.0,211.0,313.0,0.0
761,214.0,214.0,314.0,1.0
762,214.0,314.0,714.0,-1.0
763,202.0,202.0,202.0,1.0
764,214.0,214.0,214.0,0.0
765,211.0,411.0,711.0,1.0
766,213.0,213.0,413.0,-1.0
767,114.0,114.0,510.0,1.0
768,111.0,111.0,211.0,1.0
769,207.0,207.0,207.0,0.0
770,113.0,113.0,509.0,0.0
771,109.0,112.0,209.0,1.0
772,210.0,210.0,210.0,1.0
773,114.0,204.0,204.0,-1.0
774,205.0,613.0,613.0,1.0
775,208.0,208.0,208.0,0.0
776,113.0,209.0,311.0,1.0
777,206.0,206.0,206.0,0.0
778,112.0,209.0,209.0,0.0
779,113.0,113.0,114.0,0.0
780,204.0,204.0,204.0,0.0
781,114.0,114.0,211.0,1.0
782,305.0,704.0,704.0,1.0
783,114.0,114.0,114.0,0.0
784,208.0,208.0,208.0,1.0
785,202.0,202.0,202.0,0.0
786,114.0,210.0,313.0,0.0
787,204.0,305.0,305.0,0.0
788,314.0,704.0,804.0,1.0
789,114.0,114.0,211.0,1.0
790,205.0,205.0,305.0,0.0
791,114.0,214.0,314.0,0.0
792,112.0,112.0,112.0,0.0
793,204.0,310.0,310.0,0.0
794,112.0,212.0,212.0,1.0
795,202.0,202.0,402.0,1.0
796,310.0,310.0,710.0,-1.0
797,114.0,114.0,114.0,0.0
798,208.0,208.0,308.0,0.0
799,305.0,305.0,705.0,1.0
800,205.0,205.0,205.0,1.0
801,202.0,202.0,312.0,1.0
802,112.0,212.0,212.0,0.0
803,210.0,310.0,707.0,0.0
804,210.0,210.0,310.0,-1.0
805,114.0,214.0,214.0,0.0
806,114.0,114.0,114.0,-1.0
807,114.0,114.0,114.0,0.0
808,110.0,110.0,110.0,0.0
809,112.0,113.0,113.0,0.0
810,208.0,308.0,309.0,1.0
811,114.0,209.0,209.0,0.0
812,111.0,111.0,611.0,1.0
813,114.0,114.0,212.0,0.0
814,204.0,204.0,610.0,1.0
815,313.0,713.0,713.0,1.0
816,114.0,114.0,114.0,0.0
817,205.0,205.0,305.0,1.0
818,214.0,214.0,214.0,1.0
819,205.0,308.0,308.0,1.0
820,208.0,208.0,408.0,0.0
821,114.0,114.0,214.0,0.0
822,112.0,205.0,205.0,1.0
823,412.0,412.0,412.0,1.0
824,111.0,111.0,114.0,-1.0
825,113.0,113.0,208.0,1.0
826,113.0,113.0,113.0,-1.0
827,114.0,114.0,208.0,0.0
828,202.0,506.0,610.0,1.0
829,202.0,402.0,402.0,1.0
830,207.0,613.0,613.0,-1.0
831,211.0,211.0,411.0,1.0
832,112.0,112.0,204.0,1.0
833,114.0,114.0,614.0,1.0
834,114.0,114.0,114.0,0.0
835,208.0,208.0,208.0,0.0
836,112.0,207.0,207.0,-1.0
837,213.0,213.0,213.0,1.0
838,207.0,207.0,307.0,1.0
839,410.0,410.0,410.0,0.0
840,211.0,411.0,411.0,1.0
841,112.0,210.0,210.0,1.0
842,112.0,113.0,113.0,0.0
843,209.0,409.0,409.0,1.0
844,202.0,202.0,202.0,1.0
845,114.0,114.0,114.0,0.0
846,213.0,213.0,313.0,1.0
847,205.0,205.0,613.0,-1.0
848,206.0,306.0,306.0,1.0
849,114.0,114.0,206.0,0.0
850,214.0,214.0,214.0,1.0
851,202.0,202.0,202.0,0.0
852,311.0,311.0,311.0,1.0
853,113.0,204.0,311.0,0.0
854,113.0,209.0,209.0,-1.0
855,114.0,114.0,114.0,0.0
856,208.0,208.0,208.0,1.0
857,113.0,213.0,213.0,1.0
858,113.0,205.0,205.0,0.0
859,112.0,112.0,114.0,0.0
860,205.0,205.0,405.0,-1.0
861,202.0,402.0,402.0,-1.0
862,207.0,313.0,707.0,0.0
863,202.0,202.0,304.0,1.0
864,209.0,209.0,513.0,1.0
865,210.0,210.0,210.0,0.0
866,114.0,114.0,203.0,-1.0
867,213.0,213.0,213.0,1.0
868,211.0,311.0,711.0,1.0
869,114.0,114.0,212.0,1.0
870,204.0,204.0,610.0,-1.0
871,112.0,202.0,202.0,0.0
872,205.0,205.0,205.0,1.0
873,113.0,209.0,209.0,1.0
874,205.0,205.0,205.0,0.0
875,204.0,404.0,404.0,1.0
876,112.0,206.0,312.0,1.0
877,114.0,114.0,114.0,0.0
878,111.0,111.0,204.0,0.0
879,114.0,114.0,114.0,0.0
880,114.0,114.0,114.0,-1.0
881,214.0,314.0,314.0,1.0
882,208.0,308.0,308.0,0.0
883,205.0,205.0,205.0,0.0
884,112.0,112.0,206.0,0.0
885,209.0,510.0,510.0,1.0
886,114.0,114.0,213.0,-1.0
887,114.0,514.0,514.0,0.0
888,113.0,207.0,207.0,0.0
889,113.0,113.0,113.0,0.0
890,204.0,204.0,204.0,0.0
891,114.0,114.0,114.0,0.0
892,214.0,214.0,214.0,0.0
893,402.0,702.0,702.0,-1.0
894,206.0,310.0,310.0,0.0
895,114.0,114.0,207.0,1.0
896,410.0,710.0,710.0,1.0
897,402.0,402.0,402.0,1.0
898,208.0,208.0,208.0,1.0
899,207.0,207.0,407.0,0.0
900,114.0,114.0,206.0,0.0
901,212.0,212.0,212.0,0.0
902,209.0,209.0,209.0,0.0
903,111.0,113.0,113.0,0.0
904,212.0,212.0,212.0,1.0
905,205.0,305.0,305.0,1.0
906,112.0,112.0,113.0,-1.0
907,311.0,311.0,311.0,-1.0
908,203.0,203.0,303.0,1.0
909,111.0,111.0,111.0,0.0
910,112.0,212.0,512.0,0.0
911,714.0,714.0,714.0,1.0
912,207.0,310.0,310.0,1.0
913,204.0,306.0,306.0,0.0
914,206.0,206.0,314.0,0.0
915,113.0,113.0,113.0,0.0
916,210.0,210.0,310.0,1.0
917,114.0,114.0,210.0,0.0
918,113.0,205.0,205.0,1.0
919,114.0,114.0,211.0,0.0
920,203.0,203.0,203.0,0.0
921,205.0,205.0,313.0,0.0
922,113.0,114.0,204.0,0.0
923,113.0,613.0,613.0,1.0
924,109.0,114.0,509.0,1.0
925,111.0,204.0,204.0,0.0
926,213.0,313.0,313.0,-1.0
927,308.0,308.0,308.0,1.0
928,113.0,514.0,514.0,1.0
929,114.0,114.0,114.0,-1.0
930,112.0,112.0,112.0,0.0
931,213.0,213.0,313.0,1.0
932,414.0,814.0,814.0,1.0
933,112.0,207.0,207.0,-1.0
934,211.0,211.0,211.0,0.0
935,213.0,213.0,313.0,-1.0
936,212.0,312.0,312.0,-1.0
937,207.0,207.0,307.0,0.0
938,113.0,113.0,206.0,1.0
939,113.0,212.0,312.0,0.0
940,114.0,114.0,213.0,0.0
941,114.0,211.0,314.0,0.0
942,210.0,310.0,310.0,-1.0
943,111.0,111.0,114.0,0.0
944,110.0,110.0,207.0,1.0
945,114.0,211.0,211.0,0.0
946,314.0,314.0,714.0,1.0
947,111.0,111.0,114.0,-1.0
948,312.0,312.0,313.0,1.0
949,110.0,110.0,610.0,1.0
950,202.0,202.0,202.0,0.0
951,213.0,213.0,213.0,1.0
952,513.0,513.0,513.0,1.0
953,210.0,210.0,210.0,1.0
954,110.0,110.0,113.0,0.0
955,214.0,214.0,214.0,1.0
956,210.0,310.0,310.0,1.0
957,213.0,213.0,313.0,-1.0
958,109.0,113.0,209.0,1.0
959,205.0,205.0,205.0,-1.0
960,112.0,208.0,208.0,0.0
961,202.0,202.0,313.0,-1.0
962,205.0,205.0,205.0,1.0
963,207.0,207.0,207.0,0.0
964,407.0,407.0,407.0,1.0
965,207.0,207.0,207.0,0.0
966,809.0,809.0,809.0,1.0
967,202.0,310.0,310.0,0.0
968,208.0,208.0,208.0,1.0
969,113.0,113.0,113.0,0.0
970,109.0,509.0,509.0,0.0
971,410.0,410.0,410.0,0.0
972,203.0,203.0,203.0,0.0
973,112.0,112.0,113.0,0.0
974,204.0,204.0,204.0,0.0
975,209.0,309.0,309.0,1.0
976,113.0,210.0,210.0,-1.0
977,406.0,406.0,406.0,1.0
978,110.0,113.0,113.0,0.0
979,202.0,202.0,202.0,0.0
980,207.0,207.0,312.0,1.0
981,211.0,211.0,613.0,1.0
982,114.0,214.0,214.0,-1.0
983,113.0,113.0,203.0,0.0
984,114.0,114.0,114.0,0.0
985,114.0,114.0,214.0,1.0
986,114.0,114.0,203.0,-1.0
987,113.0,113.0,113.0,0.0
988,208.0,208.0,208.0,-1.0
989,205.0,205.0,205.0,-1.0
990,208.0,208.0,408.0,1.0
991,204.0,305.0,305.0,1.0
992,213.0,213.0,213.0,1.0
993,208.0,208.0,509.0,1.0
994,211.0,211.0,211.0,0.0
995,213.0,213.0,213.0,0.0
996,113.0,113.0,211.0,-1.0
997,209.0,209.0,509.0,-1.0
998,213.0,213.0,213.0,1.0
999,209.0,209.0,409.0,1.0
1000,214.0,214.0,214.0,0.0
1001,214.0,214.0,314.0,-1.0
1002,112.0,112.0,112.0,0.0
1003,514.0,514.0,514.0,1.0
1004,113.0,205.0,205.0,0.0
1005,114.0,205.0,205.0,0.0
1006,212.0,212.0,212.0,0.0
1007,111.0,111.0,508.0,1.0
1008,203.0,203.0,203.0,0.0
1009,206.0,206.0,206.0,0.0
1010,111.0,114.0,205.0,1.0
1011,110.0,114.0,114.0,0.0
1012,109.0,110.0,111.0,0.0
1013,614.0,614.0,614.0,1.0
1014,412.0,412.0,412.0,1.0
1015,114.0,214.0,214.0,-1.0
1016,306.0,306.0,308.0,-1.0
1017,411.0,411.0,411.0,1.0
1018,207.0,207.0,613.0,1.0
1019,207.0,207.0,314.0,1.0
1020,208.0,208.0,208.0,1.0
1021,202.0,202.0,306.0,1.0
1022,112.0,212.0,212.0,1.0
1023,205.0,314.0,314.0,1.0
1024,111.0,203.0,203.0,-1.0
1025,206.0,206.0,206.0,0.0
1026,213.0,313.0,313.0,1.0
1027,203.0,203.0,203.0,0.0
1028,207.0,307.0,307.0,0.0
1029,113.0,113.0,210.0,-1.0
1030,112.0,112.0,208.0,0.0
1031,205.0,205.0,205.0,0.0
1032,112.0,114.0,206.0,-1.0
1033,214.0,314.0,314.0,1.0
1034,311.0,311.0,311.0,0.0
1035,212.0,212.0,312.0,1.0
1036,114.0,209.0,209.0,-1.0
1037,211.0,312.0,312.0,-1.0
1038,213.0,213.0,213.0,1.0
1039,211.0,211.0,211.0,0.0
1040,111.0,211.0,311.0,-1.0
1041,114.0,114.0,211.0,0.0
1042,114.0,212.0,312.0,0.0
1043,508.0,508.0,508.0,1.0
1044,113.0,113.0,113.0,0.0
1045,114.0,114.0,114.0,0.0
1046,112.0,212.0,212.0,0.0
1047,110.0,110.0,112.0,0.0
1048,209.0,209.0,209.0,1.0
1049,111.0,111.0,114.0,-1.0
1050,112.0,112.0,112.0,0.0
1051,113.0,113.0,113.0,-1.0
1052,109.0,208.0,208.0,0.0
1053,205.0,205.0,205.0,1.0
1054,202.0,202.0,202.0,0.0
1055,210.0,210.0,210.0,-1.0
1056,203.0,203.0,314.0,1.0
1057,203.0,303.0,303.0,0.0
1058,209.0,209.0,209.0,1.0
1059,314.0,314.0,314.0,1.0
1060,214.0,214.0,214.0,1.0
1061,213.0,313.0,708.0,1.0
1062,113.0,113.0,113.0,0.0
1063,112.0,112.0,202.0,1.0
1064,114.0,205.0,205.0,0.0
1065,114.0,114.0,114.0,0.0
1066,202.0,309.0,309.0,1.0
1067,308.0,308.0,308.0,-1.0
1068,113.0,213.0,213.0,1.0
1069,210.0,210.0,612.0,1.0
1070,507.0,507.0,507.0,1.0
1071,212.0,212.0,314.0,1.0
1072,206.0,206.0,206.0,0.0
1073,112.0,212.0,312.0,-1.0
1074,311.0,311.0,311.0,0.0
1075,212.0,212.0,312.0,1.0
1076,204.0,204.0,313.0,0.0
1077,212.0,212.0,212.0,0.0
1078,111.0,204.0,204.0,1.0
1079,406.0,406.0,706.0,1.0
1080,112.0,112.0,112.0,0.0
1081,213.0,313.0,313.0,1.0
1082,112.0,112.0,112.0,0.0
1083,212.0,212.0,212.0,-1.0
1084,114.0,114.0,114.0,-1.0
1085,114.0,114.0,204.0,0.0
1086,110.0,114.0,114.0,0.0
1087,109.0,114.0,114.0,0.0
1088,113.0,114.0,202.0,1.0
1089,113.0,202.0,313.0,1.0
1090,203.0,304.0,304.0,1.0
1091,111.0,202.0,202.0,0.0
1092,210.0,210.0,310.0,0.0
1093,113.0,113.0,113.0,1.0
1094,112.0,112.0,210.0,0.0
1095,114.0,514.0,514.0,1.0
1096,212.0,412.0,412.0,1.0
1097,206.0,206.0,206.0,1.0
1098,114.0,211.0,211.0,1.0
1099,213.0,213.0,213.0,1.0
1100,113.0,113.0,113.0,0.0
1101,203.0,308.0,308.0,1.0
1102,114.0,114.0,213.0,0.0
1103,202.0,202.0,303.0,0.0
1104,112.0,205.0,405.0,0.0
1105,113.0,113.0,205.0,0.0
1106,214.0,214.0,214.0,1.0
1107,114.0,114.0,114.0,1.0
1108,311.0,311.0,311.0,1.0
1109,114.0,210.0,210.0,0.0
1110,202.0,202.0,202.0,0.0
1111,209.0,209.0,309.0,-1.0
1112,113.0,113.0,113.0,0.0
1113,407.0,407.0,407.0,-1.0
1114,113.0,113.0,113.0,0.0
1115,208.0,208.0,509.0,1.0
1116,214.0,214.0,314.0,1.0
1117,114.0,114.0,202.0,0.0
1118,202.0,202.0,202.0,0.0
1119,312.0,312.0,712.0,1.0
1120,113.0,209.0,313.0,-1.0
1121,109.0,109.0,206.0,1.0
1122,114.0,211.0,211.0,-1.0
1123,112.0,112.0,112.0,0.0
1124,207.0,613.0,613.0,1.0
1125,209.0,209.0,409.0,1.0
1126,410.0,410.0,410.0,1.0
1127,202.0,202.0,613.0,1.0
1128,114.0,114.0,114.0,0.0
1129,212.0,212.0,212.0,0.0
1130,113.0,113.0,113.0,0.0
1131,213.0,213.0,213.0,0.0
1132,111.0,112.0,112.0,0.0
1133,112.0,113.0,203.0,0.0
1134,202.0,202.0,402.0,1.0
1135,204.0,204.0,204.0,0.0
1136,212.0,312.0,712.0,1.0
1137,213.0,213.0,213.0,0.0
1138,214.0,214.0,214.0,0.0
1139,205.0,205.0,205.0,-1.0
1140,110.0,110.0,112.0,0.0
1141,111.0,205.0,205.0,-1.0
1142,108.0,205.0,205.0,-1.0
1143,209.0,209.0,209.0,0.0
1144,214.0,214.0,214.0,1.0
1145,207.0,207.0,207.0,-1.0
1146,112.0,114.0,114.0,-1.0
1147,113.0,205.0,205.0,0.0
1148,312.0,312.0,613.0,1.0
1149,209.0,209.0,209.0,1.0
1150,112.0,112.0,207.0,0.0
1151,113.0,113.0,113.0,0.0
1152,114.0,114.0,214.0,0.0
1153,113.0,205.0,205.0,0.0
1154,209.0,311.0,311.0,0.0
1155,113.0,210.0,210.0,1.0
1156,207.0,207.0,511.0,0.0
1157,107.0,108.0,206.0,0.0
1158,113.0,113.0,213.0,0.0
1159,308.0,308.0,308.0,1.0
1160,114.0,614.0,614.0,-1.0
1161,111.0,512.0,512.0,1.0
1162,112.0,112.0,202.0,1.0
1163,211.0,211.0,211.0,1.0
1164,112.0,113.0,210.0,0.0
1165,202.0,202.0,202.0,0.0
1166,311.0,311.0,311.0,0.0
1167,313.0,313.0,313.0,1.0
1168,112.0,112.0,208.0,0.0
1169,214.0,214.0,214.0,0.0
1170,213.0,213.0,313.0,0.0
1171,111.0,202.0,202.0,0.0
1172,204.0,313.0,313.0,1.0
1173,310.0,710.0,710.0,1.0
1174,114.0,114.0,114.0,0.0
1175,211.0,211.0,211.0,0.0
1176,113.0,113.0,113.0,0.0
1177,214.0,214.0,314.0,1.0
1178,113.0,114.0,114.0,0.0
1179,403.0,403.0,403.0,1.0
1180,206.0,206.0,313.0,0.0
1181,110.0,203.0,203.0,0.0
1182,206.0,206.0,206.0,0.0
1183,207.0,207.0,307.0,0.0
1184,211.0,211.0,211.0,0.0
1185,112.0,210.0,210.0,-1.0
1186,207.0,307.0,307.0,-1.0
1187,114.0,114.0,207.0,-1.0
1188,113.0,113.0,211.0,-1.0
1189,114.0,114.0,114.0,0.0
1190,211.0,211.0,211.0,1.0
1191,114.0,211.0,211.0,1.0
1192,112.0,112.0,612.0,1.0
1193,113.0,113.0,211.0,1.0
1194,612.0,612.0,612.0,1.0
1195,204.0,204.0,306.0,-1.0
1196,113.0,209.0,209.0,-1.0
1197,113.0,113.0,113.0,0.0
1198,211.0,211.0,311.0,0.0
1199,114.0,214.0,214.0,-1.0
1200,114.0,614.0,614.0,1.0
1201,311.0,311.0,311.0,1.0
1202,202.0,308.0,608.0,0.0
1203,213.0,213.0,313.0,0.0
1204,113.0,206.0,206.0,1.0
1205,113.0,113.0,114.0,0.0
1206,410.0,410.0,410.0,1.0
1207,513.0,513.0,514.0,1.0
1208,113.0,203.0,403.0,1.0
1209,114.0,114.0,114.0,0.0
1210,205.0,205.0,205.0,1.0
1211,203.0,203.0,203.0,1.0
1212,113.0,114.0,114.0,0.0
1213,313.0,313.0,713.0,1.0
1214,203.0,203.0,203.0,0.0
1215,214.0,214.0,214.0,1.0
1216,113.0,113.0,113.0,0.0
1217,114.0,114.0,114.0,1.0
1218,112.0,207.0,207.0,0.0
1219,207.0,207.0,207.0,1.0
1220,209.0,209.0,511.0,-1.0
1221,207.0,207.0,207.0,0.0
1222,112.0,509.0,509.0,0.0
1223,112.0,210.0,210.0,0.0
1224,113.0,113.0,209.0,0.0
1225,214.0,214.0,314.0,1.0
1226,113.0,113.0,207.0,0.0
1227,110.0,612.0,612.0,1.0
1228,114.0,114.0,114.0,0.0
1229,110.0,114.0,114.0,0.0
1230,202.0,202.0,311.0,1.0
1231,113.0,113.0,208.0,0.0
1232,114.0,209.0,409.0,1.0
1233,114.0,114.0,212.0,-1.0
1234,112.0,112.0,113.0,0.0
1235,113.0,113.0,113.0,0.0
1236,206.0,314.0,614.0,1.0
1237,213.0,313.0,706.0,1.0
1238,114.0,114.0,210.0,0.0
1239,303.0,303.0,303.0,-1.0
1240,114.0,204.0,204.0,0.0
1241,202.0,202.0,202.0,0.0
1242,202.0,305.0,702.0,1.0
1243,210.0,210.0,310.0,1.0
1244,208.0,208.0,512.0,1.0
1245,114.0,213.0,213.0,1.0
1246,110.0,114.0,203.0,-1.0
1247,112.0,212.0,212.0,0.0
1248,202.0,303.0,303.0,1.0
1249,202.0,202.0,202.0,0.0
1250,204.0,204.0,312.0,-1.0
1251,112.0,112.0,114.0,-1.0
1252,114.0,205.0,205.0,-1.0
1253,308.0,308.0,308.0,1.0
1254,209.0,209.0,612.0,1.0
1255,114.0,114.0,114.0,0.0
1256,211.0,311.0,311.0,1.0
1257,113.0,113.0,113.0,0.0
1258,203.0,203.0,305.0,1.0
1259,209.0,209.0,209.0,0.0
1260,214.0,214.0,314.0,-1.0
1261,702.0,707.0,707.0,1.0
1262,213.0,213.0,213.0,-1.0
1263,208.0,208.0,408.0,0.0
1264,213.0,213.0,213.0,0.0
1265,204.0,204.0,204.0,0.0
1266,112.0,203.0,311.0,-1.0
1267,111.0,203.0,613.0,1.0
1268,203.0,309.0,309.0,-1.0
1269,114.0,114.0,114.0,0.0
1270,202.0,202.0,314.0,1.0
1271,209.0,309.0,309.0,1.0
1272,207.0,207.0,307.0,0.0
1273,107.0,113.0,507.0,1.0
1274,211.0,211.0,211.0,-1.0
1275,206.0,206.0,206.0,0.0
1276,207.0,207.0,307.0,0.0
1277,114.0,114.0,210.0,1.0
1278,204.0,204.0,307.0,0.0
1279,206.0,206.0,206.0,1.0
1280,113.0,113.0,113.0,0.0
1281,114.0,114.0,114.0,1.0
1282,111.0,114.0,114.0,0.0
1283,408.0,408.0,408.0,1.0
1284,109.0,209.0,209.0,-1.0
1285,305.0,305.0,703.0,1.0
1286,214.0,214.0,314.0,0.0
1287,312.0,312.0,312.0,1.0
1288,112.0,203.0,203.0,-1.0
1289,208.0,208.0,208.0,0.0
1290,309.0,309.0,309.0,1.0
1291,211.0,211.0,311.0,0.0
1292,113.0,113.0,113.0,0.0
1293,110.0,112.0,114.0,-1.0
1294,208.0,313.0,313.0,1.0
1295,311.0,311.0,311.0,1.0
1296,114.0,114.0,114.0,-1.0
1297,208.0,208.0,308.0,1.0
1298,214.0,214.0,214.0,0.0
1299,114.0,114.0,214.0,0.0
1300,212.0,212.0,212.0,1.0
1301,112.0,112.0,206.0,0.0
1302,202.0,202.0,202.0,-1.0
1303,414.0,714.0,714.0,1.0
1304,202.0,202.0,202.0,0.0
1305,214.0,214.0,214.0,1.0
1306,211.0,211.0,311.0,0.0
1307,202.0,202.0,309.0,0.0
1308,114.0,208.0,309.0,1.0
1309,314.0,314.0,314.0,1.0
1310,112.0,205.0,205.0,1.0
1311,208.0,208.0,308.0,0.0
1312,208.0,308.0,705.0,1.0
1313,114.0,114.0,203.0,0.0
1314,204.0,313.0,313.0,0.0
1315,112.0,114.0,114.0,0.0
1316,112.0,112.0,510.0,1.0
1317,611.0,611.0,611.0,-1.0
1318,207.0,207.0,308.0,-1.0
1319,408.0,408.0,408.0,1.0
1320,109.0,112.0,608.0,1.0
1321,313.0,313.0,313.0,1.0
1322,114.0,114.0,114.0,0.0
1323,214.0,214.0,214.0,1.0
1324,202.0,304.0,304.0,0.0
1325,204.0,204.0,304.0,1.0
1326,206.0,206.0,206.0,0.0
1327,209.0,209.0,209.0,0.0
1328,205.0,205.0,205.0,0.0
1329,113.0,213.0,513.0,1.0
1330,114.0,211.0,311.0,-1.0
1331,306.0,306.0,306.0,1.0
1332,209.0,209.0,209.0,0.0
1333,114.0,209.0,309.0,1.0
1334,110.0,111.0,203.0,0.0
1335,312.0,312.0,312.0,1.0
1336,308.0,308.0,308.0,1.0
1337,114.0,114.0,206.0,0.0
1338,114.0,205.0,305.0,0.0
1339,409.0,409.0,409.0,1.0
1340,110.0,110.0,113.0,0.0
1341,109.0,509.0,509.0,1.0
1342,508.0,508.0,508.0,1.0
1343,114.0,214.0,214.0,1.0
1344,114.0,514.0,514.0,1.0
1345,213.0,413.0,413.0,1.0
1346,211.0,211.0,211.0,0.0
1347,211.0,411.0,411.0,1.0
1348,405.0,705.0,705.0,1.0
1349,114.0,214.0,214.0,0.0
1350,214.0,214.0,214.0,1.0
1351,214.0,314.0,314.0,0.0
1352,113.0,213.0,213.0,1.0
1353,211.0,311.0,711.0,-1.0
1354,313.0,313.0,313.0,1.0
1355,203.0,203.0,203.0,0.0
1356,112.0,112.0,210.0,1.0
1357,114.0,204.0,204.0,-1.0
1358,205.0,306.0,306.0,0.0
1359,114.0,114.0,203.0,0.0
1360,113.0,114.0,114.0,0.0
1361,405.0,405.0,405.0,1.0
1362,209.0,209.0,209.0,1.0
1363,204.0,404.0,404.0,1.0
1364,112.0,112.0,112.0,0.0
1365,112.0,112.0,202.0,0.0
1366,209.0,209.0,409.0,1.0
1367,202.0,202.0,312.0,1.0
1368,114.0,114.0,114.0,0.0
1369,209.0,409.0,409.0,1.0
1370,111.0,114.0,211.0,-1.0
1371,112.0,202.0,202.0,0.0
1372,209.0,209.0,309.0,0.0
1373,202.0,202.0,202.0,0.0
1374,113.0,113.0,114.0,-1.0
1375,114.0,114.0,114.0,1.0
1376,113.0,113.0,203.0,0.0
1377,114.0,114.0,205.0,-1.0
1378,111.0,111.0,202.0,-1.0
1379,211.0,211.0,411.0,1.0
1380,208.0,208.0,208.0,1.0
1381,114.0,114.0,114.0,0.0
1382,111.0,205.0,205.0,0.0
1383,113.0,205.0,205.0,0.0
1384,108.0,111.0,611.0,1.0
1385,212.0,212.0,313.0,-1.0
1386,207.0,207.0,207.0,1.0
1387,212.0,212.0,312.0,1.0
1388,114.0,114.0,214.0,-1.0
1389,113.0,113.0,113.0,-1.0
1390,114.0,114.0,614.0,1.0
1391,213.0,213.0,213.0,1.0
1392,513.0,513.0,514.0,-1.0
1393,206.0,206.0,406.0,1.0
1394,206.0,206.0,206.0,1.0
1395,114.0,114.0,114.0,0.0
1396,211.0,211.0,211.0,1.0
1397,203.0,203.0,203.0,0.0
1398,412.0,412.0,712.0,1.0
1399,210.0,210.0,210.0,0.0
1400,114.0,114.0,114.0,1.0
1401,111.0,204.0,204.0,0.0
1402,213.0,213.0,213.0,1.0
1403,112.0,112.0,212.0,-1.0
1404,204.0,204.0,204.0,0.0
1405,203.0,203.0,203.0,1.0
1406,208.0,313.0,313.0,1.0
1407,709.0,709.0,709.0,1.0
1408,111.0,612.0,612.0,1.0
1409,114.0,114.0,508.0,1.0
1410,213.0,213.0,213.0,1.0
1411,114.0,114.0,204.0,1.0
1412,409.0,409.0,409.0,1.0
1413,113.0,114.0,114.0,0.0
1414,203.0,203.0,403.0,1.0
1415,408.0,408.0,708.0,0.0
1416,202.0,202.0,202.0,0.0
1417,113.0,113.0,113.0,-1.0
1418,204.0,204.0,308.0,0.0
1419,113.0,210.0,210.0,1.0
1420,114.0,114.0,202.0,0.0
1421,114.0,208.0,408.0,1.0
1422,114.0,114.0,114.0,0.0
1423,108.0,108.0,111.0,0.0
1424,308.0,308.0,313.0,1.0
1425,114.0,214.0,314.0,0.0
1426,110.0,110.0,114.0,0.0
1427,313.0,313.0,313.0,1.0
1428,110.0,204.0,307.0,1.0
1429,114.0,208.0,308.0,1.0
1430,209.0,309.0,309.0,0.0
1431,114.0,207.0,307.0,0.0
1432,114.0,204.0,204.0,0.0
1433,311.0,311.0,311.0,1.0
1434,112.0,205.0,205.0,0.0
1435,312.0,312.0,312.0,0.0
1436,112.0,112.0,112.0,0.0
1437,114.0,114.0,202.0,1.0
1438,114.0,213.0,413.0,1.0
1439,212.0,212.0,314.0,1.0
1440,113.0,113.0,113.0,0.0
1441,305.0,705.0,705.0,1.0
1442,111.0,211.0,211.0,0.0
1443,114.0,114.0,114.0,0.0
1444,112.0,205.0,205.0,-1.0
1445,204.0,204.0,304.0,1.0
1446,113.0,113.0,612.0,1.0
1447,109.0,109.0,203.0,1.0
1448,112.0,112.0,207.0,0.0
1449,114.0,114.0,114.0,0.0
1450,113.0,210.0,210.0,1.0
1451,112.0,212.0,412.0,1.0
1452,209.0,209.0,309.0,1.0
1453,111.0,211.0,211.0,0.0
1454,205.0,307.0,705.0,1.0
1455,108.0,112.0,112.0,0.0
1456,210.0,210.0,310.0,1.0
1457,112.0,113.0,113.0,0.0
1458,209.0,209.0,513.0,0.0
1459,207.0,313.0,707.0,0.0
1460,114.0,114.0,114.0,0.0
1461,211.0,211.0,211.0,0.0
1462,210.0,210.0,210.0,-1.0
1463,112.0,212.0,212.0,1.0
1464,202.0,202.0,311.0,1.0
1465,203.0,203.0,613.0,1.0
1466,214.0,214.0,214.0,1.0
1467,213.0,213.0,213.0,1.0
1468,112.0,207.0,207.0,1.0
1469,212.0,212.0,212.0,0.0
1470,212.0,212.0,212.0,0.0
1471,113.0,113.0,113.0,0.0
1472,111.0,114.0,209.0,0.0
1473,113.0,113.0,513.0,0.0
1474,212.0,212.0,212.0,0.0
1475,202.0,202.0,202.0,0.0
1476,208.0,408.0,708.0,1.0
1477,113.0,202.0,202.0,0.0
1478,307.0,307.0,307.0,1.0
1479,114.0,114.0,114.0,0.0
1480,113.0,203.0,203.0,0.0
1481,204.0,204.0,404.0,1.0
1482,114.0,114.0,114.0,0.0
1483,206.0,206.0,310.0,1.0
1484,214.0,214.0,414.0,-1.0
1485,111.0,112.0,512.0,1.0
1486,113.0,113.0,207.0,0.0
1487,112.0,112.0,112.0,0.0
1488,205.0,305.0,305.0,0.0
1489,113.0,113.0,205.0,-1.0
1490,206.0,206.0,206.0,0.0
1491,114.0,114.0,114.0,0.0
1492,207.0,207.0,207.0,1.0
1493,112.0,112.0,205.0,0.0
1494,202.0,304.0,304.0,1.0
1495,112.0,112.0,512.0,1.0
1496,111.0,111.0,111.0,0.0
1497,114.0,114.0,214.0,0.0
1498,112.0,203.0,203.0,0.0
1499,406.0,406.0,406.0,1.0
1500,114.0,214.0,314.0,1.0
1501,114.0,208.0,610.0,1.0
1502,202.0,307.0,707.0,1.0
1503,114.0,212.0,212.0,0.0
1504,203.0,203.0,307.0,1.0
1505,113.0,209.0,209.0,0.0
1506,114.0,202.0,402.0,0.0
1507,202.0,202.0,202.0,0.0
1508,114.0,214.0,214.0,0.0
1509,113.0,209.0,309.0,1.0
1510,112.0,112.0,212.0,1.0
1511,214.0,214.0,214.0,1.0
1512,114.0,114.0,114.0,0.0
1513,114.0,114.0,612.0,1.0
1514,203.0,203.0,203.0,1.0
1515,203.0,203.0,203.0,0.0
1516,311.0,311.0,311.0,1.0
1517,203.0,203.0,307.0,-1.0
1518,205.0,205.0,205.0,0.0
1519,204.0,204.0,404.0,1.0
1520,113.0,213.0,313.0,1.0
1521,211.0,211.0,211.0,0.0
1522,206.0,206.0,313.0,-1.0
1523,207.0,207.0,207.0,0.0
1524,209.0,209.0,209.0,-1.0
1525,114.0,114.0,614.0,1.0
1526,210.0,310.0,310.0,1.0
1527,109.0,109.0,109.0,0.0
1528,112.0,112.0,204.0,-1.0
1529,306.0,306.0,306.0,0.0
1530,113.0,113.0,113.0,-1.0
1531,112.0,112.0,205.0,0.0
1532,310.0,310.0,310.0,0.0
1533,211.0,211.0,411.0,-1.0
1534,203.0,304.0,703.0,1.0
1535,111.0,111.0,202.0,-1.0
1536,111.0,211.0,311.0,1.0
1537,113.0,113.0,113.0,0.0
1538,114.0,114.0,208.0,0.0
1539,209.0,314.0,314.0,0.0
1540,111.0,111.0,113.0,0.0
1541,113.0,202.0,202.0,0.0
1542,206.0,206.0,406.0,1.0
1543,114.0,114.0,204.0,0.0
1544,113.0,113.0,210.0,0.0
1545,202.0,312.0,312.0,1.0
1546,203.0,203.0,203.0,1.0
1547,113.0,213.0,313.0,1.0
1548,114.0,114.0,205.0,-1.0
1549,413.0,413.0,413.0,1.0
1550,413.0,413.0,413.0,1.0
1551,312.0,709.0,709.0,1.0
1552,114.0,114.0,204.0,0.0
1553,113.0,114.0,114.0,0.0
1554,212.0,212.0,312.0,1.0
1555,113.0,209.0,310.0,-1.0
1556,204.0,311.0,311.0,-1.0
1557,112.0,112.0,212.0,1.0
1558,209.0,209.0,209.0,1.0
1559,114.0,114.0,214.0,0.0
1560,113.0,210.0,210.0,0.0
1561,205.0,205.0,205.0,0.0
1562,113.0,202.0,202.0,0.0
1563,112.0,212.0,212.0,-1.0
1564,208.0,208.0,208.0,-1.0
1565,114.0,114.0,114.0,0.0
1566,211.0,211.0,311.0,1.0
1567,211.0,211.0,511.0,1.0
1568,114.0,114.0,114.0,0.0
1569,204.0,204.0,204.0,1.0
1570,112.0,212.0,212.0,1.0
1571,611.0,611.0,611.0,1.0
1572,207.0,207.0,207.0,0.0
1573,113.0,207.0,307.0,1.0
1574,206.0,206.0,612.0,1.0
1575,205.0,205.0,205.0,0.0
1576,112.0,114.0,209.0,-1.0
1577,113.0,114.0,114.0,0.0
1578,203.0,304.0,703.0,1.0
1579,113.0,114.0,203.0,-1.0
1580,308.0,308.0,308.0,0.0
1581,112.0,513.0,513.0,1.0
1582,202.0,202.0,304.0,0.0
1583,114.0,114.0,204.0,0.0
1584,113.0,113.0,113.0,-1.0
1585,113.0,113.0,205.0,1.0
1586,212.0,312.0,712.0,1.0
1587,113.0,113.0,113.0,0.0
1588,202.0,202.0,313.0,0.0
1589,205.0,310.0,310.0,0.0
1590,313.0,313.0,313.0,0.0
1591,404.0,404.0,404.0,-1.0
1592,113.0,113.0,114.0,0.0
1593,114.0,114.0,203.0,0.0
1594,111.0,112.0,112.0,0.0
1595,113.0,113.0,113.0,0.0
1596,311.0,311.0,311.0,-1.0
1597,112.0,209.0,209.0,0.0
1598,207.0,207.0,614.0,-1.0
1599,113.0,203.0,203.0,0.0
1600,114.0,114.0,114.0,0.0
1601,210.0,410.0,410.0,0.0
1602,112.0,112.0,513.0,1.0
1603,112.0,112.0,207.0,0.0
1604,114.0,203.0,314.0,1.0
1605,204.0,204.0,204.0,0.0
1606,213.0,313.0,313.0,1.0
1607,202.0,307.0,307.0,1.0
1608,112.0,212.0,212.0,0.0
1609,213.0,213.0,213.0,1.0
1610,114.0,114.0,114.0,-1.0
1611,112.0,205.0,205.0,1.0
1612,209.0,309.0,309.0,0.0
1613,113.0,205.0,205.0,0.0
1614,207.0,207.0,207.0,0.0
1615,114.0,114.0,214.0,1.0
1616,110.0,210.0,310.0,-1.0
1617,111.0,113.0,611.0,1.0
1618,202.0,202.0,506.0,1.0
1619,110.0,206.0,510.0,1.0
1620,414.0,414.0,414.0,1.0
1621,109.0,202.0,202.0,0.0
1622,209.0,309.0,309.0,1.0
1623,412.0,712.0,712.0,1.0
1624,111.0,210.0,310.0,1.0
1625,305.0,305.0,305.0,1.0
1626,204.0,204.0,204.0,1.0
1627,412.0,412.0,412.0,-1.0
1628,209.0,209.0,209.0,0.0
1629,214.0,214.0,314.0,1.0
1630,114.0,114.0,114.0,0.0
1631,210.0,210.0,210.0,-1.0
1632,113.0,113.0,114.0,0.0
1633,114.0,114.0,114.0,0.0
1634,114.0,202.0,202.0,1.0
1635,206.0,206.0,206.0,0.0
1636,114.0,214.0,314.0,0.0
1637,113.0,113.0,113.0,0.0
1638,113.0,113.0,206.0,0.0
1639,205.0,205.0,305.0,0.0
1640,114.0,114.0,208.0,0.0
1641,114.0,211.0,211.0,0.0
1642,114.0,114.0,204.0,-1.0
1643,207.0,207.0,310.0,1.0
1644,212.0,212.0,212.0,1.0
1645,110.0,110.0,110.0,0.0
1646,113.0,208.0,312.0,1.0
1647,314.0,314.0,314.0,1.0
1648,112.0,202.0,202.0,-1.0
1649,211.0,211.0,211.0,-1.0
1650,209.0,209.0,209.0,1.0
1651,111.0,204.0,204.0,0.0
1652,206.0,206.0,206.0,1.0
1653,209.0,209.0,209.0,-1.0
1654,114.0,208.0,208.0,0.0
1655,205.0,205.0,305.0,1.0
1656,209.0,209.0,209.0,0.0
1657,205.0,205.0,311.0,1.0
1658,113.0,207.0,207.0,-1.0
1659,210.0,210.0,312.0,1.0
1660,113.0,113.0,113.0,0.0
1661,112.0,204.0,204.0,-1.0
1662,213.0,213.0,213.0,1.0
1663,213.0,213.0,213.0,0.0
1664,113.0,208.0,208.0,0.0
1665,111.0,209.0,209.0,1.0
1666,214.0,414.0,414.0,-1.0
1667,114.0,206.0,206.0,0.0
1668,113.0,113.0,113.0,0.0
1669,214.0,414.0,414.0,1.0
1670,112.0,206.0,206.0,-1.0
1671,113.0,113.0,203.0,0.0
1672,114.0,214.0,614.0,1.0
1673,113.0,213.0,213.0,0.0
1674,207.0,509.0,509.0,1.0
1675,206.0,206.0,314.0,0.0
1676,211.0,211.0,211.0,1.0
1677,113.0,113.0,202.0,-1.0
1678,114.0,114.0,114.0,0.0
1679,110.0,204.0,306.0,1.0
1680,210.0,310.0,310.0,-1.0
1681,112.0,112.0,202.0,1.0
1682,114.0,114.0,210.0,0.0
1683,205.0,308.0,308.0,0.0
1684,113.0,113.0,113.0,0.0
1685,114.0,214.0,214.0,1.0
1686,204.0,204.0,204.0,0.0
1687,114.0,114.0,114.0,0.0
1688,112.0,112.0,112.0,0.0
1689,114.0,114.0,205.0,-1.0
1690,113.0,113.0,113.0,0.0
1691,203.0,203.0,203.0,0.0
1692,113.0,113.0,212.0,0.0
1693,313.0,313.0,313.0,1.0
1694,203.0,403.0,403.0,-1.0
1695,113.0,113.0,213.0,1.0
1696,203.0,203.0,203.0,0.0
1697,113.0,113.0,508.0,-1.0
1698,207.0,407.0,707.0,-1.0
1699,110.0,208.0,208.0,0.0
1700,114.0,114.0,114.0,0.0
1701,113.0,206.0,406.0,1.0
1702,114.0,114.0,114.0,0.0
1703,211.0,311.0,311.0,0.0
1704,114.0,114.0,213.0,0.0
1705,114.0,114.0,114.0,1.0
1706,114.0,114.0,114.0,-1.0
1707,211.0,311.0,311.0,1.0
1708,314.0,314.0,714.0,1.0
1709,206.0,206.0,306.0,0.0
1710,112.0,211.0,211.0,-1.0
1711,212.0,212.0,212.0,1.0
1712,214.0,214.0,214.0,0.0
1713,310.0,705.0,705.0,1.0
1714,205.0,405.0,705.0,1.0
1715,113.0,113.0,113.0,0.0
1716,414.0,414.0,414.0,1.0
1717,210.0,210.0,210.0,1.0
1718,212.0,212.0,312.0,1.0
1719,311.0,311.0,311.0,1.0
1720,113.0,204.0,204.0,0.0
1721,207.0,207.0,310.0,-1.0
1722,114.0,206.0,206.0,-1.0
1723,113.0,113.0,213.0,1.0
1724,203.0,203.0,403.0,1.0
1725,113.0,113.0,204.0,0.0
1726,212.0,212.0,312.0,1.0
1727,314.0,314.0,314.0,-1.0
1728,207.0,309.0,309.0,1.0
1729,214.0,214.0,314.0,1.0
1730,203.0,203.0,203.0,-1.0
1731,204.0,309.0,704.0,1.0
1732,206.0,206.0,206.0,0.0
1733,114.0,114.0,203.0,1.0
1734,110.0,110.0,113.0,0.0
1735,204.0,310.0,310.0,1.0
1736,207.0,307.0,307.0,0.0
1737,203.0,203.0,403.0,0.0
1738,313.0,313.0,313.0,1.0
1739,209.0,209.0,309.0,-1.0
1740,113.0,613.0,613.0,1.0
1741,207.0,207.0,207.0,-1.0
1742,214.0,214.0,214.0,1.0
1743,205.0,205.0,205.0,1.0
1744,205.0,205.0,205.0,0.0
1745,113.0,114.0,211.0,-1.0
1746,114.0,211.0,312.0,1.0
1747,112.0,112.0,112.0,-1.0
1748,311.0,311.0,311.0,1.0
1749,202.0,202.0,309.0,1.0
1750,212.0,212.0,312.0,1.0
1751,113.0,113.0,113.0,0.0
1752,209.0,209.0,409.0,1.0
1753,113.0,113.0,113.0,0.0
1754,206.0,307.0,307.0,0.0
1755,111.0,202.0,202.0,-1.0
1756,203.0,403.0,403.0,1.0
1757,206.0,206.0,206.0,0.0
1758,206.0,206.0,206.0,0.0
1759,114.0,114.0,204.0,-1.0
1760,112.0,211.0,211.0,1.0
1761,202.0,307.0,307.0,0.0
1762,205.0,205.0,205.0,1.0
1763,212.0,312.0,612.0,-1.0
1764,207.0,407.0,707.0,1.0
1765,113.0,210.0,310.0,0.0
1766,113.0,113.0,113.0,0.0
1767,203.0,403.0,403.0,-1.0
1768,111.0,206.0,206.0,-1.0
1769,114.0,114.0,214.0,0.0
1770,114.0,114.0,114.0,1.0
1771,113.0,113.0,114.0,-1.0
1772,210.0,210.0,210.0,0.0
1773,205.0,205.0,305.0,0.0
1774,113.0,207.0,207.0,-1.0
1775,112.0,209.0,209.0,1.0
1776,113.0,205.0,305.0,1.0
1777,114.0,114.0,114.0,0.0
1778,213.0,313.0,313.0,1.0
1779,114.0,114.0,114.0,0.0
1780,209.0,209.0,309.0,1.0
1781,209.0,209.0,209.0,0.0
1782,214.0,214.0,314.0,-1.0
1783,114.0,214.0,214.0,0.0
1784,112.0,202.0,202.0,0.0
1785,212.0,212.0,212.0,1.0
1786,213.0,313.0,710.0,1.0
1787,114.0,114.0,202.0,0.0
1788,112.0,208.0,208.0,1.0
1789,110.0,205.0,307.0,1.0
1790,114.0,114.0,209.0,-1.0
1791,110.0,203.0,309.0,1.0
1792,114.0,114.0,114.0,1.0
1793,111.0,113.0,114.0,0.0
1794,112.0,113.0,113.0,0.0
1795,402.0,402.0,402.0,1.0
1796,211.0,311.0,311.0,1.0
1797,113.0,113.0,113.0,-1.0
1798,311.0,311.0,611.0,1.0
1799,213.0,213.0,313.0,1.0
1800,109.0,209.0,209.0,0.0
1801,204.0,309.0,611.0,1.0
1802,213.0,213.0,213.0,-1.0
1803,413.0,413.0,813.0,1.0
1804,111.0,211.0,614.0,1.0
1805,210.0,210.0,210.0,-1.0
1806,113.0,207.0,207.0,0.0
1807,113.0,113.0,113.0,-1.0
1808,210.0,210.0,210.0,0.0
1809,208.0,308.0,308.0,0.0
1810,211.0,411.0,411.0,1.0
1811,113.0,113.0,114.0,0.0
1812,204.0,204.0,204.0,1.0
1813,114.0,114.0,114.0,0.0
1814,208.0,208.0,208.0,0.0
1815,114.0,114.0,207.0,0.0
1816,112.0,112.0,206.0,0.0
1817,114.0,114.0,114.0,0.0
1818,210.0,210.0,210.0,0.0
1819,112.0,210.0,210.0,-1.0
1820,111.0,112.0,113.0,0.0
1821,210.0,210.0,310.0,1.0
1822,209.0,312.0,312.0,1.0
1823,203.0,403.0,403.0,1.0
1824,207.0,207.0,207.0,1.0
1825,114.0,205.0,205.0,-1.0
1826,109.0,203.0,509.0,1.0
1827,112.0,112.0,112.0,0.0
1828,114.0,114.0,614.0,1.0
1829,114.0,114.0,614.0,1.0
1830,207.0,207.0,207.0,1.0
1831,203.0,305.0,703.0,1.0
1832,114.0,213.0,213.0,1.0
1833,212.0,212.0,212.0,0.0
1834,205.0,205.0,205.0,0.0
1835,203.0,203.0,203.0,-1.0
1836,210.0,210.0,210.0,0.0
1837,211.0,211.0,311.0,1.0
1838,206.0,309.0,706.0,1.0
1839,202.0,202.0,305.0,-1.0
1840,205.0,205.0,311.0,0.0
1841,113.0,113.0,203.0,-1.0
1842,204.0,204.0,314.0,-1.0
1843,114.0,214.0,314.0,1.0
1844,110.0,113.0,113.0,0.0
1845,313.0,703.0,703.0,1.0
1846,411.0,411.0,811.0,1.0
1847,112.0,207.0,309.0,-1.0
1848,213.0,213.0,213.0,0.0
1849,112.0,112.0,204.0,0.0
1850,202.0,202.0,307.0,0.0
1851,203.0,403.0,403.0,0.0
1852,206.0,206.0,206.0,0.0
1853,114.0,210.0,210.0,-1.0
1854,113.0,113.0,204.0,-1.0
1855,112.0,112.0,112.0,0.0
1856,409.0,409.0,409.0,1.0
1857,112.0,113.0,113.0,0.0
1858,110.0,508.0,508.0,1.0
1859,205.0,205.0,205.0,-1.0
1860,112.0,112.0,112.0,0.0
1861,108.0,206.0,608.0,-1.0
1862,112.0,512.0,512.0,1.0
1863,114.0,114.0,207.0,1.0
1864,113.0,202.0,202.0,0.0
1865,202.0,305.0,705.0,1.0
1866,206.0,206.0,510.0,1.0
1867,214.0,314.0,707.0,1.0
1868,112.0,212.0,312.0,-1.0
1869,312.0,707.0,707.0,1.0
1870,212.0,212.0,312.0,1.0
1871,206.0,206.0,206.0,1.0
1872,113.0,113.0,113.0,0.0
1873,206.0,206.0,206.0,0.0
1874,112.0,212.0,212.0,0.0
1875,209.0,209.0,209.0,0.0
1876,114.0,114.0,204.0,0.0
1877,211.0,211.0,211.0,0.0
1878,206.0,313.0,313.0,-1.0
1879,204.0,204.0,314.0,1.0
1880,113.0,113.0,113.0,0.0
1881,203.0,203.0,203.0,0.0
1882,214.0,214.0,214.0,1.0
1883,112.0,210.0,310.0,1.0
1884,212.0,212.0,312.0,-1.0
1885,112.0,112.0,204.0,0.0
1886,204.0,204.0,204.0,-1.0
1887,207.0,207.0,207.0,1.0
1888,205.0,205.0,205.0,1.0
1889,113.0,113.0,210.0,0.0
1890,211.0,311.0,311.0,1.0
1891,210.0,210.0,210.0,1.0
1892,112.0,506.0,506.0,-1.0
1893,206.0,206.0,206.0,0.0
1894,211.0,311.0,711.0,1.0
1895,206.0,206.0,206.0,1.0
1896,211.0,211.0,211.0,-1.0
1897,110.0,114.0,114.0,-1.0
1898,113.0,113.0,206.0,0.0
1899,114.0,114.0,614.0,1.0
1900,114.0,114.0,114.0,-1.0
1901,112.0,112.0,112.0,0.0
1902,405.0,405.0,405.0,1.0
1903,112.0,206.0,206.0,0.0
1904,114.0,114.0,114.0,1.0
1905,205.0,310.0,314.0,1.0
1906,214.0,314.0,314.0,1.0
1907,114.0,114.0,209.0,0.0
1908,114.0,114.0,210.0,0.0
1909,207.0,207.0,207.0,-1.0
1910,112.0,113.0,212.0,0.0
1911,211.0,211.0,211.0,0.0
1912,210.0,210.0,210.0,0.0
1913,114.0,114.0,206.0,0.0
1914,205.0,205.0,310.0,1.0
1915,406.0,406.0,706.0,1.0
1916,112.0,113.0,113.0,0.0
1917,114.0,114.0,211.0,0.0
1918,207.0,207.0,207.0,0.0
1919,113.0,205.0,310.0,-1.0
1920,112.0,212.0,212.0,1.0
1921,112.0,206.0,206.0,0.0
1922,113.0,113.0,113.0,0.0
1923,204.0,313.0,313.0,1.0
1924,209.0,209.0,209.0,0.0
1925,112.0,212.0,312.0,1.0
1926,204.0,204.0,508.0,-1.0
1927,113.0,213.0,213.0,0.0
1928,110.0,111.0,211.0,0.0
1929,114.0,114.0,214.0,-1.0
1930,112.0,206.0,206.0,1.0
1931,207.0,207.0,307.0,0.0
1932,202.0,304.0,702.0,1.0
1933,407.0,407.0,707.0,1.0
1934,113.0,202.0,202.0,0.0
1935,114.0,114.0,114.0,0.0
1936,113.0,113.0,113.0,0.0
1937,114.0,114.0,114.0,-1.0
1938,206.0,310.0,310.0,-1.0
1939,113.0,205.0,305.0,0.0
1940,208.0,208.0,208.0,-1.0
1941,207.0,314.0,314.0,1.0
1942,203.0,203.0,203.0,0.0
1943,112.0,113.0,210.0,0.0
1944,113.0,206.0,206.0,-1.0
1945,203.0,203.0,203.0,0.0
1946,112.0,114.0,206.0,0.0
1947,213.0,213.0,313.0,0.0
1948,114.0,114.0,214.0,-1.0
1949,206.0,311.0,311.0,-1.0
1950,113.0,113.0,113.0,0.0
1951,314.0,314.0,314.0,1.0
1952,203.0,203.0,309.0,1.0
1953,110.0,110.0,203.0,0.0
1954,206.0,206.0,206.0,0.0
1955,210.0,210.0,210.0,1.0
1956,114.0,114.0,508.0,1.0
1957,112.0,112.0,112.0,0.0
1958,114.0,114.0,114.0,0.0
1959,312.0,312.0,312.0,1.0
1960,113.0,113.0,113.0,0.0
1961,413.0,713.0,713.0,1.0
1962,209.0,209.0,309.0,1.0
1963,202.0,202.0,202.0,0.0
1964,114.0,206.0,314.0,1.0
1965,114.0,114.0,214.0,1.0
1966,114.0,114.0,114.0,0.0
1967,313.0,313.0,713.0,1.0
1968,402.0,402.0,402.0,1.0
1969,204.0,204.0,304.0,-1.0
1970,113.0,204.0,204.0,0.0
1971,210.0,210.0,508.0,0.0
1972,211.0,211.0,211.0,1.0
1973,311.0,311.0,711.0,1.0
1974,113.0,209.0,209.0,-1.0
1975,112.0,203.0,203.0,-1.0
1976,111.0,211.0,211.0,0.0
1977,112.0,205.0,205.0,0.0
1978,407.0,407.0,407.0,1.0
1979,207.0,207.0,207.0,1.0
1980,111.0,111.0,210.0,-1.0
1981,112.0,209.0,209.0,1.0
1982,114.0,114.0,509.0,1.0
1983,203.0,314.0,703.0,1.0
1984,204.0,204.0,204.0,0.0
1985,203.0,203.0,203.0,0.0
1986,203.0,203.0,203.0,0.0
1987,111.0,113.0,113.0,-1.0
1988,212.0,212.0,212.0,-1.0
1989,414.0,414.0,414.0,1.0
1990,202.0,202.0,202.0,0.0
1991,307.0,307.0,307.0,1.0
1992,114.0,114.0,114.0,0.0
1993,212.0,212.0,212.0,-1.0
1994,112.0,205.0,305.0,-1.0
1995,310.0,310.0,310.0,-1.0
1996,114.0,213.0,213.0,0.0
1997,310.0,310.0,310.0,1.0
1998,213.0,213.0,213.0,1.0
1999,211.0,313.0,313.0,-1.0
